date,description,amount
2025-12-04,  MOBILE RECHARGE #431799  ,3055.04
2026-04-08,  UBER RIDE #876784  ,512.56
2026-08-05,  METRO CARD RECHARGE #830190  ,4880.41
2026-04-11,  MOVIE TICKETS #585809  ,5930.3
2023-04-02,  OLA CAB #636638  ,1440.96
2026-07-19,  AMAZON PURCHASE #367769  ,4260.42
2023-02-10,  METRO CARD RECHARGE #440542  ,465.92
2023-02-22,  SWIGGY ORDER #637246  ,4179.56
2023-07-22,  AMAZON PURCHASE #495537  ,1951.18
2023-02-07,  AMAZON PURCHASE #330368  ,577.14
2023-09-10,  FREELANCE PAYMENT #920527  ,57406.54
2023-01-04,  MISC EXPENSE #213503  ,429.1
2023-01-02,  PETROL PUMP #568769  ,552.23
2024-06-17,  METRO CARD RECHARGE #875211  ,927.18
2024-06-24,  METRO CARD RECHARGE #103719  ,3336.04
2025-03-17,  GYM MEMBERSHIP #630065  ,5421.68
2026-07-31,  MOBILE RECHARGE #531772  ,5621.45
2023-04-12,  AMAZON PURCHASE #418771  ,2942.15
2023-02-19,  MOVIE TICKETS #849649  ,551.76
2023-07-05,  FLIPKART ORDER #345656  ,5870.54
2023-10-20,  MOBILE RECHARGE #288809  ,4294.38
2023-09-13,  DOCTOR CONSULTATION #529866  ,4360.66
2023-05-20,  MONTHLY SALARY #628572  ,42105.81
2025-10-03,  DOCTOR CONSULTATION #993925  ,171.1
2025-06-02,  SWIGGY ORDER #661273  ,561.74
